"AC Name","AC No.","Type","District","Winning Candidate","Party","Total Electors","Total Votes","Poll%","Margin","Margin %"
Alipurduars,12,GEN,Jalpaiguri,Suman Kanjilal,Bharatiya Janta Party,249955,220751,88.3 %,16007,7.3%
Alipurduars,12,GEN,Jalpaiguri,Suman Kanjilal,Bharatiya Janta Party,249955,220751,88.3 %,16007,7.3%
Amdanga,102,GEN,North Twenty Four Parganas,Rafiqur Rahaman,All India Trinamool Congress,230559,209418,90.8 %,25480,12.2%
Amdanga,102,GEN,North Twenty Four Parganas,Rafiqur Rahaman,All India Trinamool Congress,230559,209418,90.8 %,25480,12.2%
Amta,181,GEN,Haora,Sukanta Kumar Paul,All India Trinamool Congress,252347,207508,82.2 %,26205,12.6%
Amta,181,GEN,Haora,Sukanta Kumar Paul,All India Trinamool Congress,252347,207508,82.2 %,26205,12.6%
Arambag,200,SC,Hugli,Madhusudan Bag,Bharatiya Janta Party,246935,216789,87.8 %,7172,3.3%
Arambag,200,SC,Hugli,Madhusudan Bag,Bharatiya Janta Party,246935,216789,87.8 %,7172,3.3%
Asnsol Dakshin,280,GEN,Barddhaman,Agnimitra Paul,Bharatiya Janta Party,258427,191271,74.0 %,4487,2.3%
Asnsol Dakshin,280,GEN,Barddhaman,Agnimitra Paul,Bharatiya Janta Party,258427,191271,74.0 %,4487,2.3%
Asansol Uttar,281,GEN,Barddhaman,Ghatak Moloy,All India Trinamool Congress,256239,189559,74.0 %,21110,11.1%
Asansol Uttar,281,GEN,Barddhaman,Ghatak Moloy,All India Trinamool Congress,256239,189559,74.0 %,21110,11.1%
Ashoknagar,101,GEN,North Twenty Four Parganas,Narayan Goswami,All India Trinamool Congress,241158,215113,89.2 %,23532,10.9%
Ashoknagar,101,GEN,North Twenty Four Parganas,Narayan Goswami,All India Trinamool Congress,241158,215113,89.2 %,23532,10.9%
Ausgram,273,SC,Barddhaman,Abhedananda Thander,All India Trinamool Congress,236269,213041,90.2 %,11815,5.5%
Ausgram,273,SC,Barddhaman,Abhedananda Thander,All India Trinamool Congress,236269,213041,90.2 %,11815,5.5%
Baduria,99,GEN,North Twenty Four Parganas,Abdur Rahim Quazi,All India Trinamool Congress,235541,210930,89.6 %,56444,26.8%
Baduria,99,GEN,North Twenty Four Parganas,Abdur Rahim Quazi,All India Trinamool Congress,235541,210930,89.6 %,56444,26.8%
Bagda,94,SC,North Twenty Four Parganas,Biswajit Das,Bharatiya Janta Party,268567,217771,81.1 %,9792,4.5%
Bagda,94,SC,North Twenty Four Parganas,Biswajit Das,Bharatiya Janta Party,268567,217771,81.1 %,9792,4.5%
Baghmundi,240,GEN,Puruliya,Sushanta Mahato,All India Trinamool Congress,237261,203917,85.9 %,13969,6.9%
Baghmundi,240,GEN,Puruliya,Sushanta Mahato,All India Trinamool Congress,237261,203917,85.9 %,13969,6.9%
Bagnan,180,GEN,Haora,Arunava Sen (Raja),All India Trinamool Congress,222777,198387,89.1 %,30120,15.2%
Bagnan,180,GEN,Haora,Arunava Sen (Raja),All India Trinamool Congress,222777,198387,89.1 %,30120,15.2%
Baharampur,72,GEN,Murshidabad,Subrata Maitra (Kanchan),Bharatiya Janta Party,250719,195082,77.8 %,26852,13.8%
Baharampur,72,GEN,Murshidabad,Subrata Maitra (Kanchan),Bharatiya Janta Party,250719,195082,77.8 %,26852,13.8%
Baisnabnagar,54,GEN,Maldah,Chandana Sarkar,All India Trinamool Congress,231377,206947,89.4 %,2471,1.2%
Baisnabnagar,54,GEN,Maldah,Chandana Sarkar,All India Trinamool Congress,231377,206947,89.4 %,2471,1.2%
Balagarh,191,SC,Hugli,Manoranjan Bapari,All India Trinamool Congress,249657,216852,86.9 %,5784,2.7%
Balagarh,191,SC,Hugli,Manoranjan Bapari,All India Trinamool Congress,249657,216852,86.9 %,5784,2.7%
Balarampur,239,GEN,Puruliya,Baneswar Mahato,Bharatiya Janta Party,224417,195524,87.1 %,423,0.2%
Balarampur,239,GEN,Puruliya,Baneswar Mahato,Bharatiya Janta Party,224417,195524,87.1 %,423,0.2%
Bally,169,GEN,Haora,Rana Chatterjee,All India Trinamool Congress,166102,124667,75.1 %,6237,5.0%
Bally,169,GEN,Haora,Rana Chatterjee,All India Trinamool Congress,166102,124667,75.1 %,6237,5.0%
Ballygunge,161,GEN,Kolkata,Subrata Mukherjee,All India Trinamool Congress,240660,149645,62.2 %,75359,50.4%
Ballygunge,161,GEN,Kolkata,Subrata Mukherjee,All India Trinamool Congress,240660,149645,62.2 %,75359,50.4%
Balurghat,39,GEN,Dakshin Dinajpur,Ashok Kumar Lahiri,Bharatiya Janta Party,172383,150262,87.2 %,13436,8.9%
Balurghat,39,GEN,Dakshin Dinajpur,Ashok Kumar Lahiri,Bharatiya Janta Party,172383,150262,87.2 %,13436,8.9%
Bandwan,238,ST,Puruliya,Rajib Lochan Saren,All India Trinamool Congress,272796,238101,87.3 %,18831,7.9%
Bandwan,238,ST,Puruliya,Rajib Lochan Saren,All India Trinamool Congress,272796,238101,87.3 %,18831,7.9%
Bangaon Dakshin,96,SC,North Twenty Four Parganas,Swapan Majumder,Bharatiya Janta Party,237404,206292,86.9 %,2004,1.0%
Bangaon Dakshin,96,SC,North Twenty Four Parganas,Swapan Majumder,Bharatiya Janta Party,237404,206292,86.9 %,2004,1.0%
Bangaon Uttar,95,SC,North Twenty Four Parganas,Ashok Kirtania,Bharatiya Janta Party,242067,203342,84.0 %,10488,5.2%
Bangaon Uttar,95,SC,North Twenty Four Parganas,Ashok Kirtania,Bharatiya Janta Party,242067,203342,84.0 %,10488,5.2%
Bankura,252,GEN,Bankura,Niladri Sekhar Dana,Bharatiya Janta Party,257361,213479,82.9 %,1468,0.7%
Bankura,252,GEN,Bankura,Niladri Sekhar Dana,Bharatiya Janta Party,257361,213479,82.9 %,1468,0.7%
Barabani,283,GEN,Barddhaman,Bidhan Upadhyay,All India Trinamool Congress,215163,166168,77.2 %,23457,14.1%
Barabani,283,GEN,Barddhaman,Bidhan Upadhyay,All India Trinamool Congress,215163,166168,77.2 %,23457,14.1%
Baranagar,113,GEN,North Twenty Four Parganas,Tapas Roy,All India Trinamool Congress,208535,157881,75.7 %,35147,22.3%
Baranagar,113,GEN,North Twenty Four Parganas,Tapas Roy,All India Trinamool Congress,208535,157881,75.7 %,35147,22.3%
Barasat,119,GEN,North Twenty Four Parganas,Chiranjeet Chakrabarti,All India Trinamool Congress,263410,223019,84.7 %,23783,10.7%
Barasat,119,GEN,North Twenty Four Parganas,Chiranjeet Chakrabarti,All India Trinamool Congress,263410,223019,84.7 %,23783,10.7%
Burdwan Dakshin,260,GEN,Barddhaman,Khokan Das,All India Trinamool Congress,248721,201638,81.1 %,8105,4.0%
Burdwan Dakshin,260,GEN,Barddhaman,Khokan Das,All India Trinamool Congress,248721,201638,81.1 %,8105,4.0%
Burdwan Uttar,266,SC,Barddhaman,Nisith Kumar Malik,All India Trinamool Congress,262125,239529,91.4 %,17268,7.2%
Burdwan Uttar,266,SC,Barddhaman,Nisith Kumar Malik,All India Trinamool Congress,262125,239529,91.4 %,17268,7.2%
Barjora,253,GEN,Bankura,Alok Mukherjee,All India Trinamool Congress,243336,214549,88.2 %,3269,1.5%
Barjora,253,GEN,Bankura,Alok Mukherjee,All India Trinamool Congress,243336,214549,88.2 %,3269,1.5%
Barrackpur,108,GEN,North Twenty Four Parganas,Raju Chakraborty (RAJ),All India Trinamool Congress,207919,146319,70.4 %,9222,6.3%
Barrackpur,108,GEN,North Twenty Four Parganas,Raju Chakraborty (RAJ),All India Trinamool Congress,207919,146319,70.4 %,9222,6.3%
Baruipur Paschim,140,GEN,South  Twenty Four Parganas,Biman Banerjee,All India Trinamool Congress,232885,209757,90.1 %,61910,29.5%
Baruipur Paschim,140,GEN,South  Twenty Four Parganas,Biman Banerjee,All India Trinamool Congress,232885,209757,90.1 %,61910,29.5%
Baruipur Purba,137,SC,South  Twenty Four Parganas,Bivas Sardar (VOBO),All India Trinamool Congress,245546,223259,90.9 %,49641,22.2%
Baruipur Purba,137,SC,South  Twenty Four Parganas,Bivas Sardar (VOBO),All India Trinamool Congress,245546,223259,90.9 %,49641,22.2%
Basanti,128,SC,South  Twenty Four Parganas,Shyamal Mondal,All India Trinamool Congress,241447,212003,87.8 %,50642,23.9%
Basanti,128,SC,South  Twenty Four Parganas,Shyamal Mondal,All India Trinamool Congress,241447,212003,87.8 %,50642,23.9%
Basirhat Dakshin,124,GEN,North Twenty Four Parganas,Dr. Saptarshi Banerjee,All India Trinamool Congress,264853,234048,88.4 %,24468,10.5%
Basirhat Dakshin,124,GEN,North Twenty Four Parganas,Dr. Saptarshi Banerjee,All India Trinamool Congress,264853,234048,88.4 %,24468,10.5%
Basirhat Uttar,125,GEN,North Twenty Four Parganas,Rafikul Islam Mondal,All India Trinamool Congress,255163,236474,92.7 %,89351,37.8%
Basirhat Uttar,125,GEN,North Twenty Four Parganas,Rafikul Islam Mondal,All India Trinamool Congress,255163,236474,92.7 %,89351,37.8%
Behala Paschim,154,GEN,South  Twenty Four Parganas,Partha Chatterjee,All India Trinamool Congress,295723,229383,77.6 %,50884,22.2%
Behala Paschim,154,GEN,South  Twenty Four Parganas,Partha Chatterjee,All India Trinamool Congress,295723,229383,77.6 %,50884,22.2%
Behala Purba,153,GEN,South  Twenty Four Parganas,Ratna Chatterjee,All India Trinamool Congress,288032,219037,76.0 %,37428,17.1%
Behala Purba,153,GEN,South  Twenty Four Parganas,Ratna Chatterjee,All India Trinamool Congress,288032,219037,76.0 %,37428,17.1%
Beldanga,71,GEN,Murshidabad,Hasanuzzaman Sk,All India Trinamool Congress,238107,203143,85.3 %,53832,26.5%
Beldanga,71,GEN,Murshidabad,Hasanuzzaman Sk,All India Trinamool Congress,238107,203143,85.3 %,53832,26.5%
Beleghata,164,GEN,Kolkata,Paresh Paul,All India Trinamool Congress,242619,156942,64.7 %,67140,42.8%
Beleghata,164,GEN,Kolkata,Paresh Paul,All India Trinamool Congress,242619,156942,64.7 %,67140,42.8%
Bhabanipur,159,GEN,Kolkata,Sobhandeb Chattopadhyay,All India Trinamool Congress,200935,125806,62.6 %,28719,22.8%
Bhabanipur,159,GEN,Kolkata,Sobhandeb Chattopadhyay,All India Trinamool Congress,200935,125806,62.6 %,28719,22.8%
Bhagabangola,62,GEN,Murshidabad,Idris Ali,All India Trinamool Congress,248895,222594,89.4 %,106008,47.6%
Bhagabangola,62,GEN,Murshidabad,Idris Ali,All India Trinamool Congress,248895,222594,89.4 %,106008,47.6%
Bhagabanpur,214,GEN,Purba Medinipur,Rabindranath Maity,Bharatiya Janta Party,245647,221631,90.2 %,27549,12.4%
Bhagabanpur,214,GEN,Purba Medinipur,Rabindranath Maity,Bharatiya Janta Party,245647,221631,90.2 %,27549,12.4%
Bhangar,148,GEN,South  Twenty Four Parganas,Md. Nawsad Siddique,Rashtriya Secular Majlis Party,251977,238942,94.8 %,26151,10.9%
Bhangar,148,GEN,South  Twenty Four Parganas,Md. Nawsad Siddique,Rashtriya Secular Majlis Party,251977,238942,94.8 %,26151,10.9%
Bharatpur,69,GEN,Murshidabad,Humayun Kabir,All India Trinamool Congress,234101,186603,79.7 %,43083,23.1%
Bharatpur,69,GEN,Murshidabad,Humayun Kabir,All India Trinamool Congress,234101,186603,79.7 %,43083,23.1%
Bhatar,267,GEN,Barddhaman,Adhikari Mangobinda,All India Trinamool Congress,238186,209822,88.1 %,31741,15.1%
Bhatar,267,GEN,Barddhaman,Adhikari Mangobinda,All India Trinamool Congress,238186,209822,88.1 %,31741,15.1%
Bhatpara,105,GEN,North Twenty Four Parganas,Pawan Kumar Singh,Bharatiya Janta Party,149370,106037,71.0 %,13687,12.9%
Bhatpara,105,GEN,North Twenty Four Parganas,Pawan Kumar Singh,Bharatiya Janta Party,149370,106037,71.0 %,13687,12.9%
Bidhannagar,116,GEN,North Twenty Four Parganas,Sujit Bose S/o - Late Ajit Bose,All India Trinamool Congress,231169,159822,69.1 %,7997,5.0%
Bidhannagar,116,GEN,North Twenty Four Parganas,Sujit Bose S/o - Late Ajit Bose,All India Trinamool Congress,231169,159822,69.1 %,7997,5.0%
Bijpur,103,GEN,North Twenty Four Parganas,Subodh Adhikary,All India Trinamool Congress,185509,137869,74.3 %,13347,9.7%
Bijpur,103,GEN,North Twenty Four Parganas,Subodh Adhikary,All India Trinamool Congress,185509,137869,74.3 %,13347,9.7%
Binpur,237,ST,Paschim Medinipur,Debnath Hansda,All India Trinamool Congress,216605,185493,85.6 %,39494,21.3%
Binpur,237,ST,Paschim Medinipur,Debnath Hansda,All India Trinamool Congress,216605,185493,85.6 %,39494,21.3%
Bishnupur,255,SC,Bankura,Tanmay Ghosh (BUMBA),Bharatiya Janta Party,208397,188050,90.2 %,11420,6.1%
Bishnupur (SC),146,SC,South  Twenty Four Parganas,Dilip Mondal,All India Trinamool Congress,264604,235707,89.1 %,58832,25.0%
Bishnupur,255,SC,Bankura,Tanmay Ghosh (BUMBA),Bharatiya Janta Party,208397,188050,90.2 %,11420,6.1%
Bishnupur (SC),146,SC,South  Twenty Four Parganas,Dilip Mondal,All India Trinamool Congress,264604,235707,89.1 %,58832,25.0%
Bolpur,286,GEN,Birbhum,Sinha Chandranath,All India Trinamool Congress,259217,226923,87.5 %,22280,9.8%
Bolpur,286,GEN,Birbhum,Sinha Chandranath,All India Trinamool Congress,259217,226923,87.5 %,22280,9.8%
Budge Budge,156,GEN,South  Twenty Four Parganas,Ashok Kumar Deb,All India Trinamool Congress,241623,214157,88.6 %,44714,20.9%
Budge Budge,156,GEN,South  Twenty Four Parganas,Ashok Kumar Deb,All India Trinamool Congress,241623,214157,88.6 %,44714,20.9%
Burwan,67,SC,Murshidabad,Jiban Krishna Saha,All India Trinamool Congress,209338,174795,83.5 %,2749,1.6%
Burwan,67,SC,Murshidabad,Jiban Krishna Saha,All India Trinamool Congress,209338,174795,83.5 %,2749,1.6%
Canning Paschim,138,SC,South  Twenty Four Parganas,Paresh Ram Das,All India Trinamool Congress,241023,215322,89.3 %,35243,16.4%
Canning Paschim,138,SC,South  Twenty Four Parganas,Paresh Ram Das,All India Trinamool Congress,241023,215322,89.3 %,35243,16.4%
Canning Purba,139,GEN,South  Twenty Four Parganas,Saokat Molla,All India Trinamool Congress,239477,230499,96.3 %,53007,23.0%
Canning Purba,139,GEN,South  Twenty Four Parganas,Saokat Molla,All India Trinamool Congress,239477,230499,96.3 %,53007,23.0%
Chakdaha,91,GEN,Nadia,Bankim Chandra Ghosh,Bharatiya Janta Party,235068,210577,89.6 %,11680,5.5%
Chakdaha,91,GEN,Nadia,Bankim Chandra Ghosh,Bharatiya Janta Party,235068,210577,89.6 %,11680,5.5%
Chakulia,31,GEN,Uttar Dinajpur,Azad Minhajul Arfin,All India Trinamool Congress,221341,172214,77.8 %,33837,19.6%
Chakulia,31,GEN,Uttar Dinajpur,Azad Minhajul Arfin,All India Trinamool Congress,221341,172214,77.8 %,33837,19.6%
Champdani,187,GEN,Hugli,Arindam Guin (BUBAI),All India Trinamool Congress,248693,197784,79.5 %,30078,15.2%
Champdani,187,GEN,Hugli,Arindam Guin (BUBAI),All India Trinamool Congress,248693,197784,79.5 %,30078,15.2%
Chanchal,45,GEN,Maldah,Nihar Ranjan Ghosh,All India Trinamool Congress,238225,198656,83.4 %,67338,33.9%
Chanchal,45,GEN,Maldah,Nihar Ranjan Ghosh,All India Trinamool Congress,238225,198656,83.4 %,67338,33.9%
Chandannagar,189,GEN,Hugli,Indranil Sen,All India Trinamool Congress,223152,179155,80.3 %,31029,17.3%
Chandannagar,189,GEN,Hugli,Indranil Sen,All India Trinamool Congress,223152,179155,80.3 %,31029,17.3%
Chandipur,211,GEN,Purba Medinipur,Soham Chakraborty,All India Trinamool Congress,237527,219591,92.4 %,13472,6.1%
Chandipur,211,GEN,Purba Medinipur,Soham Chakraborty,All India Trinamool Congress,237527,219591,92.4 %,13472,6.1%
Chanditala,194,GEN,Hugli,Swati Khandoker,All India Trinamool Congress,252700,204950,81.1 %,41347,20.2%
Chanditala,194,GEN,Hugli,Swati Khandoker,All India Trinamool Congress,252700,204950,81.1 %,41347,20.2%
Chandrakona,232,SC,Paschim Medinipur,Arup Dhara,All India Trinamool Congress,268269,246409,91.9 %,11281,4.6%
Chandrakona,232,SC,Paschim Medinipur,Arup Dhara,All India Trinamool Congress,268269,246409,91.9 %,11281,4.6%
Chapra,82,GEN,Nadia,Rukbanur Rahman,All India Trinamool Congress,237343,211152,89.0 %,12118,5.7%
Chapra,82,GEN,Nadia,Rukbanur Rahman,All India Trinamool Congress,237343,211152,89.0 %,12118,5.7%
Chhatna,248,GEN,Bankura,Satyanarayan Mukhopadhyay,Bharatiya Janta Party,232894,193322,83.0 %,7164,3.7%
Chhatna,248,GEN,Bankura,Satyanarayan Mukhopadhyay,Bharatiya Janta Party,232894,193322,83.0 %,7164,3.7%
Chopra,28,GEN,Uttar Dinajpur,Hamidul Rahaman,All India Trinamool Congress,229766,202579,88.2 %,64905,32.0%
Chopra,28,GEN,Uttar Dinajpur,Hamidul Rahaman,All India Trinamool Congress,229766,202579,88.2 %,64905,32.0%
Chowrangee,162,GEN,Kolkata,Bandyopadhyay Nayna,All India Trinamool Congress,202501,110281,54.5 %,45344,41.1%
Chowrangee,162,GEN,Kolkata,Bandyopadhyay Nayna,All India Trinamool Congress,202501,110281,54.5 %,45344,41.1%
Chunchura,190,GEN,Hugli,Asit Mazumder (Tapan),All India Trinamool Congress,304254,250399,82.3 %,18417,7.4%
Chunchura,190,GEN,Hugli,Asit Mazumder (Tapan),All India Trinamool Congress,304254,250399,82.3 %,18417,7.4%
Cooch Behar Dakshin,4,GEN,Koch Bihar,Nikhil Ranjan Dey,Bharatiya Janta Party,223409,194041,86.9 %,4931,2.5%
Cooch Behar Dakshin,4,GEN,Koch Bihar,Nikhil Ranjan Dey,Bharatiya Janta Party,223409,194041,86.9 %,4931,2.5%
Coochbehar Uttar,3,SC,Koch Bihar,Sukumar Roy,Bharatiya Janta Party,272055,242346,89.1 %,14615,6.0%
Coochbehar Uttar,3,SC,Koch Bihar,Sukumar Roy,Bharatiya Janta Party,272055,242346,89.1 %,14615,6.0%
Dabgram-Fulbari,19,GEN,Jalpaiguri,Sikha Chatterjee,Bharatiya Janta Party,283991,255590,90.0 %,27593,10.8%
Dabgram-Fulbari,19,GEN,Jalpaiguri,Sikha Chatterjee,Bharatiya Janta Party,283991,255590,90.0 %,27593,10.8%
Dantan,219,GEN,Paschim Medinipur,Bikram Chandra Pradhan,All India Trinamool Congress,224882,196548,87.4 %,623,0.3%
Dantan,219,GEN,Paschim Medinipur,Bikram Chandra Pradhan,All India Trinamool Congress,224882,196548,87.4 %,623,0.3%
Darjeeling,23,GEN,Darjiling,Neeraj Tamang Zimba,Bharatiya Janta Party,238967,166035,69.5 %,21276,12.8%
Darjeeling,23,GEN,Darjiling,Neeraj Tamang Zimba,Bharatiya Janta Party,238967,166035,69.5 %,21276,12.8%
Daspur,230,GEN,Paschim Medinipur,Mamata Bhunia,All India Trinamool Congress,289252,221096,76.4 %,26842,12.1%
Daspur,230,GEN,Paschim Medinipur,Mamata Bhunia,All India Trinamool Congress,289252,221096,76.4 %,26842,12.1%
Debra,229,GEN,Paschim Medinipur,Humayun Kabir,All India Trinamool Congress,226402,203513,89.9 %,11226,5.5%
Debra,229,GEN,Paschim Medinipur,Humayun Kabir,All India Trinamool Congress,226402,203513,89.9 %,11226,5.5%
Deganga,120,GEN,North Twenty Four Parganas,Rahima Mondal,All India Trinamool Congress,230563,212280,92.1 %,32537,15.3%
Deganga,120,GEN,North Twenty Four Parganas,Rahima Mondal,All India Trinamool Congress,230563,212280,92.1 %,32537,15.3%
Dhanekhali,197,SC,Hugli,Asima Patra,All India Trinamool Congress,262855,231656,88.1 %,30159,13.0%
Dhanekhali,197,SC,Hugli,Asima Patra,All India Trinamool Congress,262855,231656,88.1 %,30159,13.0%
Dhupguri,15,SC,Jalpaiguri,Bishnu Pada Ray,Bharatiya Janta Party,251681,227339,90.3 %,4355,1.9%
Dhupguri,15,SC,Jalpaiguri,Bishnu Pada Ray,Bharatiya Janta Party,251681,227339,90.3 %,4355,1.9%
Diamond Harbour,143,GEN,South  Twenty Four Parganas,Pannalal Halder,All India Trinamool Congress,241838,223948,92.6 %,16996,7.6%
Diamond Harbour,143,GEN,South  Twenty Four Parganas,Pannalal Halder,All India Trinamool Congress,241838,223948,92.6 %,16996,7.6%
Dinhata,7,GEN,Koch Bihar,Nisith Pramanik,Bharatiya Janta Party,288755,242214,83.9 %,57,0.0%
Dinhata,7,GEN,Koch Bihar,Nisith Pramanik,Bharatiya Janta Party,288755,242214,83.9 %,57,0.0%
Domjur,184,GEN,Haora,Kalyan Ghosh,All India Trinamool Congress,276082,248896,90.2 %,42620,17.1%
Domjur,184,GEN,Haora,Kalyan Ghosh,All India Trinamool Congress,276082,248896,90.2 %,42620,17.1%
Domkal,75,GEN,Murshidabad,Jafikul Islam,All India Trinamool Congress,252473,223764,88.6 %,47229,21.1%
Domkal,75,GEN,Murshidabad,Jafikul Islam,All India Trinamool Congress,252473,223764,88.6 %,47229,21.1%
Dubrajpur,284,SC,Birbhum,Anup Kumar Saha,Bharatiya Janta Party,231245,201442,87.1 %,3863,1.9%
Dubrajpur,284,SC,Birbhum,Anup Kumar Saha,Bharatiya Janta Party,231245,201442,87.1 %,3863,1.9%
Dum Dum,114,GEN,North Twenty Four Parganas,Brtya Basu,All India Trinamool Congress,232742,183295,78.8 %,26731,14.6%
Dum Dum,114,GEN,North Twenty Four Parganas,Brtya Basu,All India Trinamool Congress,232742,183295,78.8 %,26731,14.6%
Dum Dum Uttar,110,GEN,North Twenty Four Parganas,Chandrima Bhattacharya,All India Trinamool Congress,256543,211038,82.3 %,28499,13.5%
Dum Dum Uttar,110,GEN,North Twenty Four Parganas,Chandrima Bhattacharya,All India Trinamool Congress,256543,211038,82.3 %,28499,13.5%
Durgapur Paschim,277,GEN,Barddhaman,Lakshman Chandra Ghorui,Bharatiya Janta Party,256650,194278,75.7 %,14664,7.5%
Durgapur Paschim,277,GEN,Barddhaman,Lakshman Chandra Ghorui,Bharatiya Janta Party,256650,194278,75.7 %,14664,7.5%
Durgapur Purba,276,GEN,Barddhaman,Pradip Mazumdar,All India Trinamool Congress,244619,190046,77.7 %,3746,2.0%
Durgapur Purba,276,GEN,Barddhaman,Pradip Mazumdar,All India Trinamool Congress,244619,190046,77.7 %,3746,2.0%
Egra,218,GEN,Purba Medinipur,Tarun Kumar Maity,All India Trinamool Congress,275266,239424,87.0 %,18491,7.7%
Egra,218,GEN,Purba Medinipur,Tarun Kumar Maity,All India Trinamool Congress,275266,239424,87.0 %,18491,7.7%
Englishbazar,51,GEN,Maldah,Sreerupa Mitra Chaudhury(NIRBHOY DIDI),Bharatiya Janta Party,261137,212479,81.4 %,20099,9.5%
Englishbazar,51,GEN,Maldah,Sreerupa Mitra Chaudhury(NIRBHOY DIDI),Bharatiya Janta Party,261137,212479,81.4 %,20099,9.5%
Entally,163,GEN,Kolkata,Swarna Kamal Saha,All India Trinamool Congress,215401,155883,72.4 %,58257,37.4%
Entally,163,GEN,Kolkata,Swarna Kamal Saha,All India Trinamool Congress,215401,155883,72.4 %,58257,37.4%
Falakata,13,SC,Jalpaiguri,Dipak Barman,Bharatiya Janta Party,244577,218530,89.4 %,3990,1.8%
Falakata,13,SC,Jalpaiguri,Dipak Barman,Bharatiya Janta Party,244577,218530,89.4 %,3990,1.8%
Falta,144,GEN,South  Twenty Four Parganas,Sankar Kumar Naskar,All India Trinamool Congress,225862,206747,91.5 %,40774,19.7%
Falta,144,GEN,South  Twenty Four Parganas,Sankar Kumar Naskar,All India Trinamool Congress,225862,206747,91.5 %,40774,19.7%
Farakka,55,GEN,Murshidabad,Manirul Islam,All India Trinamool Congress,212523,184786,86.9 %,59945,32.4%
Farakka,55,GEN,Murshidabad,Manirul Islam,All India Trinamool Congress,212523,184786,86.9 %,59945,32.4%
Gaighata,97,SC,North Twenty Four Parganas,Subrata Thakur,Bharatiya Janta Party,240974,211834,87.9 %,9578,4.5%
Gaighata,97,SC,North Twenty Four Parganas,Subrata Thakur,Bharatiya Janta Party,240974,211834,87.9 %,9578,4.5%
Galsi,274,SC,Barddhaman,Nepal Ghorui,All India Trinamool Congress,249624,220284,88.2 %,19262,8.7%
Galsi,274,SC,Barddhaman,Nepal Ghorui,All India Trinamool Congress,249624,220284,88.2 %,19262,8.7%
Gangarampur,41,SC,Dakshin Dinajpur,Satyendra Nath  Ray,Bharatiya Janta Party,212521,188333,88.6 %,4592,2.4%
Gangarampur,41,SC,Dakshin Dinajpur,Satyendra Nath  Ray,Bharatiya Janta Party,212521,188333,88.6 %,4592,2.4%
Garbeta,233,GEN,Paschim Medinipur,Uttara Singha (Hazra),All India Trinamool Congress,222891,204962,92.0 %,10572,5.2%
Garbeta,233,GEN,Paschim Medinipur,Uttara Singha (Hazra),All India Trinamool Congress,222891,204962,92.0 %,10572,5.2%
Gazole,44,SC,Maldah,Chinmoy Deb Barman,Bharatiya Janta Party,254055,219478,86.4 %,1798,0.8%
Gazole,44,SC,Maldah,Chinmoy Deb Barman,Bharatiya Janta Party,254055,219478,86.4 %,1798,0.8%
Ghatal,231,SC,Paschim Medinipur,Sital Kapat,Bharatiya Janta Party,270451,224070,82.9 %,966,0.4%
Ghatal,231,SC,Paschim Medinipur,Sital Kapat,Bharatiya Janta Party,270451,224070,82.9 %,966,0.4%
Goalpokhar,30,GEN,Uttar Dinajpur,Md. Ghulam Rabbani,All India Trinamool Congress,215676,159519,74.0 %,73514,46.1%
Goalpokhar,30,GEN,Uttar Dinajpur,Md. Ghulam Rabbani,All India Trinamool Congress,215676,159519,74.0 %,73514,46.1%
Goghat,201,SC,Hugli,Biswanath Karak,Bharatiya Janta Party,238958,217063,90.8 %,4147,1.9%
Goghat,201,SC,Hugli,Biswanath Karak,Bharatiya Janta Party,238958,217063,90.8 %,4147,1.9%
Gopiballavpur,221,GEN,Paschim Medinipur,Dr. Khagendra Nath Mahata,All India Trinamool Congress,219464,196279,89.4 %,23768,12.1%
Gopiballavpur,221,GEN,Paschim Medinipur,Dr. Khagendra Nath Mahata,All India Trinamool Congress,219464,196279,89.4 %,23768,12.1%
Gosaba,127,SC,South  Twenty Four Parganas,Jayanta Naskar,All India Trinamool Congress,221008,194791,88.1 %,23709,12.2%
Gosaba,127,SC,South  Twenty Four Parganas,Jayanta Naskar,All India Trinamool Congress,221008,194791,88.1 %,23709,12.2%
Habibpur,43,ST,Maldah,Joyel Murmu,Bharatiya Janta Party,240344,195827,81.5 %,19517,10.0%
Habibpur,43,ST,Maldah,Joyel Murmu,Bharatiya Janta Party,240344,195827,81.5 %,19517,10.0%
Habra,100,GEN,North Twenty Four Parganas,Jyoti Priya Mallick,All India Trinamool Congress,234583,202881,86.5 %,3841,1.9%
Habra,100,GEN,North Twenty Four Parganas,Jyoti Priya Mallick,All India Trinamool Congress,234583,202881,86.5 %,3841,1.9%
Haldia,209,SC,Purba Medinipur,Tapasi Mondal,Bharatiya Janta Party,239252,219410,91.7 %,15008,6.8%
Haldia,209,SC,Purba Medinipur,Tapasi Mondal,Bharatiya Janta Party,239252,219410,91.7 %,15008,6.8%
Hansan,292,GEN,Birbhum,Dr. Asok Kumar Chattopadhyay,All India Trinamool Congress,236311,208186,88.1 %,50613,24.3%
Hansan,292,GEN,Birbhum,Dr. Asok Kumar Chattopadhyay,All India Trinamool Congress,236311,208186,88.1 %,50613,24.3%
Haroa,121,GEN,North Twenty Four Parganas,Islam Sk Nurul (HAJI),All India Trinamool Congress,246763,224465,91.0 %,80978,36.1%
Haroa,121,GEN,North Twenty Four Parganas,Islam Sk Nurul (HAJI),All India Trinamool Congress,246763,224465,91.0 %,80978,36.1%
Hariharpara,73,GEN,Murshidabad,Niamot Sheikh,All India Trinamool Congress,234377,214958,91.7 %,14066,6.5%
Hariharpara,73,GEN,Murshidabad,Niamot Sheikh,All India Trinamool Congress,234377,214958,91.7 %,14066,6.5%
Haringhata,93,SC,Nadia,Asim Kumar Sarkar,Bharatiya Janta Party,231664,209447,90.4 %,15200,7.3%
Haringhata,93,SC,Nadia,Asim Kumar Sarkar,Bharatiya Janta Party,231664,209447,90.4 %,15200,7.3%
Haripal,196,GEN,Hugli,Dr. Karabi Manna,All India Trinamool Congress,260040,217407,83.6 %,23072,10.6%
Haripal,196,GEN,Hugli,Dr. Karabi Manna,All India Trinamool Congress,260040,217407,83.6 %,23072,10.6%
Harirampur,42,GEN,Dakshin Dinajpur,Biplab Mitra,All India Trinamool Congress,215801,185819,86.1 %,22672,12.2%
Harirampur,42,GEN,Dakshin Dinajpur,Biplab Mitra,All India Trinamool Congress,215801,185819,86.1 %,22672,12.2%
Harischandrapur,46,GEN,Maldah,Tajmul Hossain,All India Trinamool Congress,238558,202141,84.7 %,77473,38.3%
Harischandrapur,46,GEN,Maldah,Tajmul Hossain,All India Trinamool Congress,238558,202141,84.7 %,77473,38.3%
Hemtabad,33,SC,Uttar Dinajpur,Satyajit Barman,All India Trinamool Congress,252705,221141,87.5 %,27215,12.3%
Hemtabad,33,SC,Uttar Dinajpur,Satyajit Barman,All India Trinamool Congress,252705,221141,87.5 %,27215,12.3%
Hingalganj,126,SC,North Twenty Four Parganas,Debes Mandal,All India Trinamool Congress,220837,192945,87.4 %,24916,12.9%
Hingalganj,126,SC,North Twenty Four Parganas,Debes Mandal,All India Trinamool Congress,220837,192945,87.4 %,24916,12.9%
Howrah Dakshin,173,GEN,Haora,Nandita Chowdhury,All India Trinamool Congress,278680,213992,76.8 %,50569,23.6%
Howrah Dakshin,173,GEN,Haora,Nandita Chowdhury,All India Trinamool Congress,278680,213992,76.8 %,50569,23.6%
Howrah Madhya,171,GEN,Haora,Arup Roy S/o Late Prabhat Roy,All India Trinamool Congress,251112,192409,76.6 %,46547,24.2%
Howrah Madhya,171,GEN,Haora,Arup Roy S/o Late Prabhat Roy,All India Trinamool Congress,251112,192409,76.6 %,46547,24.2%
Howrah Uttar,170,GEN,Haora,Gautam Chowdhuri,All India Trinamool Congress,205663,148050,72.0 %,5522,3.7%
Howrah Uttar,170,GEN,Haora,Gautam Chowdhuri,All India Trinamool Congress,205663,148050,72.0 %,5522,3.7%
Indus,257,SC,Bankura,Nirmal Kumar Dhara,Bharatiya Janta Party,234967,215271,91.6 %,7220,3.4%
Indus,257,SC,Bankura,Nirmal Kumar Dhara,Bharatiya Janta Party,234967,215271,91.6 %,7220,3.4%
Islampur,29,GEN,Uttar Dinajpur,Abdul Karim Chowdhary,All India Trinamool Congress,204047,167998,82.3 %,37440,22.3%
Islampur,29,GEN,Uttar Dinajpur,Abdul Karim Chowdhary,All India Trinamool Congress,204047,167998,82.3 %,37440,22.3%
Itahar,36,GEN,Uttar Dinajpur,Mosaraf Hussen,All India Trinamool Congress,218591,192746,88.2 %,43975,22.8%
Itahar,36,GEN,Uttar Dinajpur,Mosaraf Hussen,All India Trinamool Congress,218591,192746,88.2 %,43975,22.8%
Jadavpur,150,GEN,South  Twenty Four Parganas,Debabrata Majumdar (MALAY),All India Trinamool Congress,285342,212689,74.5 %,38869,18.3%
Jadavpur,150,GEN,South  Twenty Four Parganas,Debabrata Majumdar (MALAY),All India Trinamool Congress,285342,212689,74.5 %,38869,18.3%
Jagatballavpur,183,GEN,Haora,Sitanath Ghosh,All India Trinamool Congress,272383,232952,85.5 %,29196,12.5%
Jagatballavpur,183,GEN,Haora,Sitanath Ghosh,All India Trinamool Congress,272383,232952,85.5 %,29196,12.5%
Jagatdal,106,GEN,North Twenty Four Parganas,Somenath Shyam Ichini,All India Trinamool Congress,222046,178719,80.5 %,18364,10.3%
Jagatdal,106,GEN,North Twenty Four Parganas,Somenath Shyam Ichini,All India Trinamool Congress,222046,178719,80.5 %,18364,10.3%
Jalangi,76,GEN,Murshidabad,Abdur Razzak,All India Trinamool Congress,248596,219616,88.3 %,79276,36.1%
Jalangi,76,GEN,Murshidabad,Abdur Razzak,All India Trinamool Congress,248596,219616,88.3 %,79276,36.1%
Jalpaiguri,17,SC,Jalpaiguri,Dr. Pradip Kumar Barma,All India Trinamool Congress,255367,222552,87.1 %,941,0.4%
Jalpaiguri,17,SC,Jalpaiguri,Dr. Pradip Kumar Barma,All India Trinamool Congress,255367,222552,87.1 %,941,0.4%
Jamalpur,262,SC,Barddhaman,Alok Kumar Majhi,All India Trinamool Congress,229313,203825,88.9 %,17971,8.8%
Jamalpur,262,SC,Barddhaman,Alok Kumar Majhi,All India Trinamool Congress,229313,203825,88.9 %,17971,8.8%
Jamuria,279,GEN,Barddhaman,Hareram Singh,All India Trinamool Congress,208925,164350,78.7 %,8051,4.9%
Jamuria,279,GEN,Barddhaman,Hareram Singh,All India Trinamool Congress,208925,164350,78.7 %,8051,4.9%
Jangipara,195,GEN,Hugli,Snehasis Chakraborty,All India Trinamool Congress,246868,207371,84.0 %,17926,8.6%
Jangipara,195,GEN,Hugli,Snehasis Chakraborty,All India Trinamool Congress,246868,207371,84.0 %,17926,8.6%
Jaynagar,136,SC,South  Twenty Four Parganas,Biswanath Das,All India Trinamool Congress,228097,201267,88.2 %,38683,19.2%
Jaynagar,136,SC,South  Twenty Four Parganas,Biswanath Das,All India Trinamool Congress,228097,201267,88.2 %,38683,19.2%
Jhargram,222,GEN,Paschim Medinipur,Birbaha Hansda,All India Trinamool Congress,226032,198161,87.7 %,38240,19.3%
Jhargram,222,GEN,Paschim Medinipur,Birbaha Hansda,All India Trinamool Congress,226032,198161,87.7 %,38240,19.3%
Jorasanko,165,GEN,Kolkata,Vivek Gupta,All India Trinamool Congress,191911,97927,51.0 %,12743,13.0%
Jorasanko,165,GEN,Kolkata,Vivek Gupta,All India Trinamool Congress,191911,97927,51.0 %,12743,13.0%
Joypur,241,GEN,Puruliya,Nara Hari Mahato,Bharatiya Janta Party,236633,199811,84.4 %,12200,6.1%
Joypur,241,GEN,Puruliya,Nara Hari Mahato,Bharatiya Janta Party,236633,199811,84.4 %,12200,6.1%
Kakdwip,131,GEN,South  Twenty Four Parganas,Manturam Pakhira,All India Trinamool Congress,234569,218574,93.2 %,25302,11.6%
Kakdwip,131,GEN,South  Twenty Four Parganas,Manturam Pakhira,All India Trinamool Congress,234569,218574,93.2 %,25302,11.6%
Kalchini,11,ST,Jalpaiguri,Bishal Lama,Bharatiya Janta Party,235747,193438,82.1 %,28576,14.8%
Kalchini,11,ST,Jalpaiguri,Bishal Lama,Bharatiya Janta Party,235747,193438,82.1 %,28576,14.8%
Kaliaganj,34,SC,Uttar Dinajpur,Soumen Roy,Bharatiya Janta Party,269942,236719,87.7 %,21820,9.2%
Kaliaganj,34,SC,Uttar Dinajpur,Soumen Roy,Bharatiya Janta Party,269942,236719,87.7 %,21820,9.2%
Kaliganj,80,GEN,Nadia,Nasiruddin Ahamed (LAL),All India Trinamool Congress,234432,207328,88.4 %,46987,22.7%
Kaliganj,80,GEN,Nadia,Nasiruddin Ahamed (LAL),All India Trinamool Congress,234432,207328,88.4 %,46987,22.7%
Kalimpong,22,GEN,Darjiling,Ruden Sada Lepcha,Independent,205460,152703,74.3 %,3870,2.5%
Kalimpong,22,GEN,Darjiling,Ruden Sada Lepcha,Independent,205460,152703,74.3 %,3870,2.5%
Kalna,264,SC,Barddhaman,Deboprasad Bag (POLTU),All India Trinamool Congress,234821,206444,87.9 %,7478,3.6%
Kalna,264,SC,Barddhaman,Deboprasad Bag (POLTU),All India Trinamool Congress,234821,206444,87.9 %,7478,3.6%
Kalyani,92,SC,Nadia,Ambika Roy,Bharatiya Janta Party,245181,217761,88.8 %,2206,1.0%
Kalyani,92,SC,Nadia,Ambika Roy,Bharatiya Janta Party,245181,217761,88.8 %,2206,1.0%
Kamarhati,112,GEN,North Twenty Four Parganas,Madan Mitra,All India Trinamool Congress,189025,142757,75.5 %,35408,24.8%
Kamarhati,112,GEN,North Twenty Four Parganas,Madan Mitra,All India Trinamool Congress,189025,142757,75.5 %,35408,24.8%
Kandi,68,GEN,Murshidabad,Apurba Sarkar (DAVID),All India Trinamool Congress,225488,183350,81.3 %,38080,20.8%
Kandi,68,GEN,Murshidabad,Apurba Sarkar (DAVID),All India Trinamool Congress,225488,183350,81.3 %,38080,20.8%
Kanthi Dakshin,216,GEN,Purba Medinipur,Arup Kumar Das,Bharatiya Janta Party,216913,193811,89.3 %,10293,5.3%
Kanthi Dakshin,216,GEN,Purba Medinipur,Arup Kumar Das,Bharatiya Janta Party,216913,193811,89.3 %,10293,5.3%
Kanthi Uttar,213,GEN,Purba Medinipur,Sumita Sinha,Bharatiya Janta Party,248772,226924,91.2 %,9330,4.1%
Kanthi Uttar,213,GEN,Purba Medinipur,Sumita Sinha,Bharatiya Janta Party,248772,226924,91.2 %,9330,4.1%
Karandighi,32,GEN,Uttar Dinajpur,Goutam Paul,All India Trinamool Congress,246568,210687,85.4 %,36626,17.4%
Karandighi,32,GEN,Uttar Dinajpur,Goutam Paul,All India Trinamool Congress,246568,210687,85.4 %,36626,17.4%
Karimpur,77,GEN,Nadia,Bimalendu Sinha Roy,All India Trinamool Congress,241362,220178,91.2 %,23575,10.7%
Karimpur,77,GEN,Nadia,Bimalendu Sinha Roy,All India Trinamool Congress,241362,220178,91.2 %,23575,10.7%
Kasba,149,GEN,South  Twenty Four Parganas,Ahmed Javed Khan,All India Trinamool Congress,281198,220678,78.5 %,63622,28.8%
Kasba,149,GEN,South  Twenty Four Parganas,Ahmed Javed Khan,All India Trinamool Congress,281198,220678,78.5 %,63622,28.8%
Kashipur,244,GEN,Puruliya,Kamalakanta Hansda,Bharatiya Janta Party,227805,192491,84.5 %,7387,3.8%
Kashipur,244,GEN,Puruliya,Kamalakanta Hansda,Bharatiya Janta Party,227805,192491,84.5 %,7387,3.8%
Kashipur-Belgachhia,168,GEN,Kolkata,Atin Ghosh,All India Trinamool Congress,217872,133295,61.2 %,35390,26.6%
Kashipur-Belgachhia,168,GEN,Kolkata,Atin Ghosh,All India Trinamool Congress,217872,133295,61.2 %,35390,26.6%
Katulpur,256,SC,Bankura,Harakali Protiher,Bharatiya Janta Party,237059,222267,93.8 %,11785,5.3%
Katulpur,256,SC,Bankura,Harakali Protiher,Bharatiya Janta Party,237059,222267,93.8 %,11785,5.3%
Katwa,270,GEN,Barddhaman,Rabindranath Chatterjee,All India Trinamool Congress,257069,222679,86.6 %,9155,4.1%
Katwa,270,GEN,Barddhaman,Rabindranath Chatterjee,All India Trinamool Congress,257069,222679,86.6 %,9155,4.1%
Keshiary,223,ST,Paschim Medinipur,Paresh Murmu,All India Trinamool Congress,231170,210111,90.9 %,15330,7.3%
Keshiary,223,ST,Paschim Medinipur,Paresh Murmu,All India Trinamool Congress,231170,210111,90.9 %,15330,7.3%
Keshpur,235,SC,Paschim Medinipur,Seuli Saha,All India Trinamool Congress,250607,226934,90.6 %,20720,9.1%
Keshpur,235,SC,Paschim Medinipur,Seuli Saha,All India Trinamool Congress,250607,226934,90.6 %,20720,9.1%
Ketugram,271,GEN,Barddhaman,Sekh Sahonawez,All India Trinamool Congress,248148,211697,85.3 %,12683,6.0%
Ketugram,271,GEN,Barddhaman,Sekh Sahonawez,All India Trinamool Congress,248148,211697,85.3 %,12683,6.0%
Khanakul,202,GEN,Hugli,Susanta Ghosh,Bharatiya Janta Party,266127,214713,80.7 %,12884,6.0%
Khanakul,202,GEN,Hugli,Susanta Ghosh,Bharatiya Janta Party,266127,214713,80.7 %,12884,6.0%
Khandaghosh,259,SC,Barddhaman,Nabin Chandra Bag,All India Trinamool Congress,234921,215953,91.9 %,20886,9.7%
Khandaghosh,259,SC,Barddhaman,Nabin Chandra Bag,All India Trinamool Congress,234921,215953,91.9 %,20886,9.7%
Kharagpur,228,GEN,Paschim Medinipur,Dinen Roy,All India Trinamool Congress,215952,197730,91.6 %,36230,18.3%
Kharagpur,228,GEN,Paschim Medinipur,Dinen Roy,All India Trinamool Congress,215952,197730,91.6 %,36230,18.3%
Kharagpur Sadar,224,GEN,Paschim Medinipur,Hiranmoy Chattopadhyaya,Bharatiya Janta Party,225476,168742,74.8 %,3771,2.2%
Kharagpur Sadar,224,GEN,Paschim Medinipur,Hiranmoy Chattopadhyaya,Bharatiya Janta Party,225476,168742,74.8 %,3771,2.2%
Khardaha,109,GEN,North Twenty Four Parganas,Kajal Sinha,All India Trinamool Congress,217445,180732,83.1 %,28140,15.6%
Khardaha,109,GEN,North Twenty Four Parganas,Kajal Sinha,All India Trinamool Congress,217445,180732,83.1 %,28140,15.6%
Khargram,66,SC,Murshidabad,Ashis Marjit,All India Trinamool Congress,218890,184251,84.2 %,32573,17.7%
Khargram,66,SC,Murshidabad,Ashis Marjit,All India Trinamool Congress,218890,184251,84.2 %,32573,17.7%
Khejuri,215,SC,Purba Medinipur,Santanu Pramanik,Bharatiya Janta Party,228219,211485,92.7 %,17965,8.5%
Khejuri,215,SC,Purba Medinipur,Santanu Pramanik,Bharatiya Janta Party,228219,211485,92.7 %,17965,8.5%
Kolkata Port,158,GEN,Kolkata,Firhad Hakim,All India Trinamool Congress,223154,151083,67.7 %,68554,45.4%
Kolkata Port,158,GEN,Kolkata,Firhad Hakim,All India Trinamool Congress,223154,151083,67.7 %,68554,45.4%
Krishnanagar Uttar,83,GEN,Nadia,Mukul Roy,Bharatiya Janta Party,230150,199954,86.9 %,35089,17.5%
Krishnanagar Uttar,83,GEN,Nadia,Mukul Roy,Bharatiya Janta Party,230150,199954,86.9 %,35089,17.5%
Krishnaganj,88,SC,Nadia,Ashis Kumar Biswas,Bharatiya Janta Party,264303,229839,87.0 %,21277,9.3%
Krishnaganj,88,SC,Nadia,Ashis Kumar Biswas,Bharatiya Janta Party,264303,229839,87.0 %,21277,9.3%
Krishnanagar Dakshin,85,GEN,Nadia,Ujjal Biswas,All India Trinamool Congress,217291,193520,89.1 %,9305,4.8%
Krishnanagar Dakshin,85,GEN,Nadia,Ujjal Biswas,All India Trinamool Congress,217291,193520,89.1 %,9305,4.8%
Kulpi,133,GEN,South  Twenty Four Parganas,Jogaranjan Halder,All India Trinamool Congress,208431,191445,91.9 %,33818,17.7%
Kulpi,133,GEN,South  Twenty Four Parganas,Jogaranjan Halder,All India Trinamool Congress,208431,191445,91.9 %,33818,17.7%
Kultali,129,SC,South  Twenty Four Parganas,Ganesh Chandra Mondal,All India Trinamool Congress,248500,226303,91.1 %,47177,20.8%
Kultali,129,SC,South  Twenty Four Parganas,Ganesh Chandra Mondal,All India Trinamool Congress,248500,226303,91.1 %,47177,20.8%
Kulti,282,GEN,Barddhaman,Ajay  Kumar Poddar,Bharatiya Janta Party,238414,171214,71.8 %,679,0.4%
Kulti,282,GEN,Barddhaman,Ajay  Kumar Poddar,Bharatiya Janta Party,238414,171214,71.8 %,679,0.4%
Kumarganj,38,GEN,Dakshin Dinajpur,Toraf Hossain Mandal,All India Trinamool Congress,194392,169803,87.4 %,29367,17.3%
Kumarganj,38,GEN,Dakshin Dinajpur,Toraf Hossain Mandal,All India Trinamool Congress,194392,169803,87.4 %,29367,17.3%
Kumargram,10,ST,Jalpaiguri,Manoj Kumar Oraon,Bharatiya Janta Party,262523,229771,87.5 %,11001,4.8%
Kumargram,10,ST,Jalpaiguri,Manoj Kumar Oraon,Bharatiya Janta Party,262523,229771,87.5 %,11001,4.8%
Kurseong,24,GEN,Darjiling,Bishnu Prasad Sharma (alias B.P. Bajgain),Bharatiya Janta Party,229918,173128,75.3 %,15515,9.0%
Kurseong,24,GEN,Darjiling,Bishnu Prasad Sharma (alias B.P. Bajgain),Bharatiya Janta Party,229918,173128,75.3 %,15515,9.0%
Kushmandi,37,SC,Dakshin Dinajpur,Rekha Roy,All India Trinamool Congress,209600,182477,87.1 %,12584,6.9%
Kushmandi,37,SC,Dakshin Dinajpur,Rekha Roy,All India Trinamool Congress,209600,182477,87.1 %,12584,6.9%
Labhpur,288,GEN,Birbhum,Abhijit Sinha (RANA),All India Trinamool Congress,230036,208970,90.8 %,17975,8.6%
Labhpur,288,GEN,Birbhum,Abhijit Sinha (RANA),All India Trinamool Congress,230036,208970,90.8 %,17975,8.6%
Lalgola,61,GEN,Murshidabad,Ali Mohammad,All India Trinamool Congress,219655,189044,86.1 %,60707,32.1%
Lalgola,61,GEN,Murshidabad,Ali Mohammad,All India Trinamool Congress,219655,189044,86.1 %,60707,32.1%
Madarihat,14,ST,Jalpaiguri,Manoj Tigga,Bharatiya Janta Party,203369,164298,80.8 %,29685,18.1%
Madarihat,14,ST,Jalpaiguri,Manoj Tigga,Bharatiya Janta Party,203369,164298,80.8 %,29685,18.1%
Madhyamgram,118,GEN,North Twenty Four Parganas,Rathin Ghosh,All India Trinamool Congress,258246,227279,88.0 %,48126,21.2%
Madhyamgram,118,GEN,North Twenty Four Parganas,Rathin Ghosh,All India Trinamool Congress,258246,227279,88.0 %,48126,21.2%
Magrahat Paschim,142,GEN,South  Twenty Four Parganas,Gias Uddin Molla,All India Trinamool Congress,214456,191996,89.5 %,46941,24.4%
Magrahat Paschim,142,GEN,South  Twenty Four Parganas,Gias Uddin Molla,All India Trinamool Congress,214456,191996,89.5 %,46941,24.4%
Magrahat Purba,141,SC,South  Twenty Four Parganas,Namita Saha,All India Trinamool Congress,228746,204673,89.5 %,54079,26.4%
Magrahat Purba,141,SC,South  Twenty Four Parganas,Namita Saha,All India Trinamool Congress,228746,204673,89.5 %,54079,26.4%
Maheshtala,155,GEN,South  Twenty Four Parganas,Dulal Chandra Das,All India Trinamool Congress,252897,217920,86.2 %,57949,26.6%
Maheshtala,155,GEN,South  Twenty Four Parganas,Dulal Chandra Das,All India Trinamool Congress,252897,217920,86.2 %,57949,26.6%
Mahishadal,208,GEN,Purba Medinipur,Tilak Kumar Chakraborty,All India Trinamool Congress,235369,217590,92.4 %,2386,1.1%
Mahishadal,208,GEN,Purba Medinipur,Tilak Kumar Chakraborty,All India Trinamool Congress,235369,217590,92.4 %,2386,1.1%
Mal,20,ST,Jalpaiguri,Bulu Chik Baraik,All India Trinamool Congress,242262,208556,86.1 %,5465,2.6%
Mal,20,ST,Jalpaiguri,Bulu Chik Baraik,All India Trinamool Congress,242262,208556,86.1 %,5465,2.6%
Malatipur,47,GEN,Maldah,Abdur Rahim Boxi,All India Trinamool Congress,217872,183450,84.2 %,91949,50.1%
Malatipur,47,GEN,Maldah,Abdur Rahim Boxi,All India Trinamool Congress,217872,183450,84.2 %,91949,50.1%
Maldaha,50,SC,Maldah,Gopal Chandra Saha,Bharatiya Janta Party,232994,203671,87.4 %,15456,7.6%
Maldaha,50,SC,Maldah,Gopal Chandra Saha,Bharatiya Janta Party,232994,203671,87.4 %,15456,7.6%
Manbazar,243,ST,Puruliya,Sandhyarani Tudu,All India Trinamool Congress,244312,211438,86.5 %,15516,7.3%
Manbazar,243,ST,Puruliya,Sandhyarani Tudu,All India Trinamool Congress,244312,211438,86.5 %,15516,7.3%
Mandirbazar,135,SC,South  Twenty Four Parganas,Joydeb Halder,All India Trinamool Congress,219215,197668,90.2 %,23492,11.9%
Mandirbazar,135,SC,South  Twenty Four Parganas,Joydeb Halder,All India Trinamool Congress,219215,197668,90.2 %,23492,11.9%
Mongalkote,272,GEN,Barddhaman,Apurba Chowdhury (Achal),All India Trinamool Congress,241890,213503,88.3 %,22337,10.5%
Mongalkote,272,GEN,Barddhaman,Apurba Chowdhury (Achal),All India Trinamool Congress,241890,213503,88.3 %,22337,10.5%
Manikchak,49,GEN,Maldah,Sabitri Mitra,All India Trinamool Congress,240516,205624,85.5 %,33878,16.5%
Manikchak,49,GEN,Maldah,Sabitri Mitra,All India Trinamool Congress,240516,205624,85.5 %,33878,16.5%
Maniktola,167,GEN,Kolkata,Sadhan Pande,All India Trinamool Congress,201735,131547,65.2 %,20238,15.4%
Maniktola,167,GEN,Kolkata,Sadhan Pande,All India Trinamool Congress,201735,131547,65.2 %,20238,15.4%
Mathabhanga,2,SC,Koch Bihar,Sushil Barman,Bharatiya Janta Party,241785,212760,88.0 %,26134,12.3%
Mathabhanga,2,SC,Koch Bihar,Sushil Barman,Bharatiya Janta Party,241785,212760,88.0 %,26134,12.3%
Metiaburuz,157,GEN,South  Twenty Four Parganas,Abdul Khaleque Molla,All India Trinamool Congress,233697,193574,82.8 %,119604,61.8%
Metiaburuz,157,GEN,South  Twenty Four Parganas,Abdul Khaleque Molla,All India Trinamool Congress,233697,193574,82.8 %,119604,61.8%
Matigara-Naxalbari,25,SC,Darjiling,Anandamay Barman,Bharatiya Janta Party,267440,236679,88.5 %,70848,29.9%
Matigara-Naxalbari,25,SC,Darjiling,Anandamay Barman,Bharatiya Janta Party,267440,236679,88.5 %,70848,29.9%
Maynaguri,16,SC,Jalpaiguri,Kaushik Roy,Bharatiya Janta Party,251373,232998,92.7 %,11911,5.1%
Maynaguri,16,SC,Jalpaiguri,Kaushik Roy,Bharatiya Janta Party,251373,232998,92.7 %,11911,5.1%
Mayureswar,290,GEN,Birbhum,Abhijit Roy,All India Trinamool Congress,223556,196622,88.0 %,12075,6.1%
Mayureswar,290,GEN,Birbhum,Abhijit Roy,All India Trinamool Congress,223556,196622,88.0 %,12075,6.1%
Medinipur,236,GEN,Paschim Medinipur,June Maliah,All India Trinamool Congress,266722,234970,88.1 %,24397,10.4%
Medinipur,236,GEN,Paschim Medinipur,June Maliah,All India Trinamool Congress,266722,234970,88.1 %,24397,10.4%
Mekliganj,1,SC,Koch Bihar,Adhikary Paresh Chandra,All India Trinamool Congress,216863,196297,90.5 %,14685,7.5%
Mekliganj,1,SC,Koch Bihar,Adhikary Paresh Chandra,All India Trinamool Congress,216863,196297,90.5 %,14685,7.5%
Memari,265,GEN,Barddhaman,Madhusudan Bhattacharya,All India Trinamool Congress,245683,217129,88.4 %,23078,10.6%
Memari,265,GEN,Barddhaman,Madhusudan Bhattacharya,All India Trinamool Congress,245683,217129,88.4 %,23078,10.6%
Minakhan,122,SC,North Twenty Four Parganas,Usha Rani Mondal,All India Trinamool Congress,225809,208412,92.3 %,55830,26.8%
Minakhan,122,SC,North Twenty Four Parganas,Usha Rani Mondal,All India Trinamool Congress,225809,208412,92.3 %,55830,26.8%
Monteswar,263,GEN,Barddhaman,Chowdhury Siddiqullah,All India Trinamool Congress,233626,207425,88.8 %,31805,15.3%
Monteswar,263,GEN,Barddhaman,Chowdhury Siddiqullah,All India Trinamool Congress,233626,207425,88.8 %,31805,15.3%
Mothabari,52,GEN,Maldah,Yeasmin Sabina,All India Trinamool Congress,183785,161004,87.6 %,56573,35.1%
Mothabari,52,GEN,Maldah,Yeasmin Sabina,All India Trinamool Congress,183785,161004,87.6 %,56573,35.1%
Moyna,206,GEN,Purba Medinipur,Ashoke Dinda,Bharatiya Janta Party,245063,223099,91.0 %,1260,0.6%
Moyna,206,GEN,Purba Medinipur,Ashoke Dinda,Bharatiya Janta Party,245063,223099,91.0 %,1260,0.6%
Murarai,294,GEN,Birbhum,Dr Mosarraf Hossain,All India Trinamool Congress,251210,216408,86.1 %,98246,45.4%
Murarai,294,GEN,Birbhum,Dr Mosarraf Hossain,All India Trinamool Congress,251210,216408,86.1 %,98246,45.4%
Murshidabad,64,GEN,Murshidabad,Gouri Sankar Ghosh,Bharatiya Janta Party,255962,226327,88.4 %,2491,1.1%
Murshidabad,64,GEN,Murshidabad,Gouri Sankar Ghosh,Bharatiya Janta Party,255962,226327,88.4 %,2491,1.1%
Nabadwip,84,GEN,Nadia,Pundarikakshya Saha,All India Trinamool Congress,237428,208245,87.7 %,18571,8.9%
Nabadwip,84,GEN,Nadia,Pundarikakshya Saha,All India Trinamool Congress,237428,208245,87.7 %,18571,8.9%
Nabagram,65,SC,Murshidabad,Kanai Chandra Mondal,All India Trinamool Congress,239811,205887,85.9 %,35533,17.3%
Nabagram,65,SC,Murshidabad,Kanai Chandra Mondal,All India Trinamool Congress,239811,205887,85.9 %,35533,17.3%
Nagrakata,21,ST,Jalpaiguri,Puna Bhengra,Bharatiya Janta Party,226232,185715,82.1 %,23475,12.6%
Nagrakata,21,ST,Jalpaiguri,Puna Bhengra,Bharatiya Janta Party,226232,185715,82.1 %,23475,12.6%
Naihati,104,GEN,North Twenty Four Parganas,Partha Bhowmick,All India Trinamool Congress,188559,154767,82.1 %,18855,12.2%
Naihati,104,GEN,North Twenty Four Parganas,Partha Bhowmick,All India Trinamool Congress,188559,154767,82.1 %,18855,12.2%
Nakashipara,81,GEN,Nadia,Kallol Khan,All India Trinamool Congress,235249,208424,88.6 %,21271,10.2%
Nakashipara,81,GEN,Nadia,Kallol Khan,All India Trinamool Congress,235249,208424,88.6 %,21271,10.2%
Nalhati,293,GEN,Birbhum,Rajendra Prasad Singh (RAJU SINGH),All India Trinamool Congress,232366,205796,88.6 %,56905,27.7%
Nalhati,293,GEN,Birbhum,Rajendra Prasad Singh (RAJU SINGH),All India Trinamool Congress,232366,205796,88.6 %,56905,27.7%
Nandakumar,207,GEN,Purba Medinipur,Sukumar De,All India Trinamool Congress,244675,225802,92.3 %,5406,2.4%
Nandakumar,207,GEN,Purba Medinipur,Sukumar De,All India Trinamool Congress,244675,225802,92.3 %,5406,2.4%
Nandigram,210,GEN,Purba Medinipur,Adhikari Suvendu,Bharatiya Janta Party,247251,227315,91.9 %,1956,0.9%
Nandigram,210,GEN,Purba Medinipur,Adhikari Suvendu,Bharatiya Janta Party,247251,227315,91.9 %,1956,0.9%
Nanoor,287,SC,Birbhum,Bidhan Chandra Majhi,All India Trinamool Congress,265933,233179,87.7 %,6670,2.9%
Nanoor,287,SC,Birbhum,Bidhan Chandra Majhi,All India Trinamool Congress,265933,233179,87.7 %,6670,2.9%
Naoda,74,GEN,Murshidabad,Sahina Momtaz Khan,All India Trinamool Congress,234722,201041,85.7 %,74153,36.9%
Naoda,74,GEN,Murshidabad,Sahina Momtaz Khan,All India Trinamool Congress,234722,201041,85.7 %,74153,36.9%
Narayangarh,225,GEN,Paschim Medinipur,Atta Surja Kanta,All India Trinamool Congress,234752,215994,92.0 %,2416,1.1%
Narayangarh,225,GEN,Paschim Medinipur,Atta Surja Kanta,All India Trinamool Congress,234752,215994,92.0 %,2416,1.1%
Natabari,8,GEN,Koch Bihar,Mihir Goswami,Bharatiya Janta Party,235277,216027,91.8 %,23440,10.9%
Natabari,8,GEN,Koch Bihar,Mihir Goswami,Bharatiya Janta Party,235277,216027,91.8 %,23440,10.9%
Nayagram,220,ST,Paschim Medinipur,Dulal Murmu,All India Trinamool Congress,218673,189268,86.6 %,22754,12.0%
Nayagram,220,ST,Paschim Medinipur,Dulal Murmu,All India Trinamool Congress,218673,189268,86.6 %,22754,12.0%
Noapara,107,GEN,North Twenty Four Parganas,Manju Basu,All India Trinamool Congress,252440,189748,75.2 %,26710,14.1%
Noapara,107,GEN,North Twenty Four Parganas,Manju Basu,All India Trinamool Congress,252440,189748,75.2 %,26710,14.1%
Onda,254,GEN,Bankura,Amarnath  Shakha,Bharatiya Janta Party,244130,220880,90.5 %,11551,5.2%
Onda,254,GEN,Bankura,Amarnath  Shakha,Bharatiya Janta Party,244130,220880,90.5 %,11551,5.2%
Palashipara,79,GEN,Nadia,Dr. Manik Bhattacharya,All India Trinamool Congress,232399,201731,86.8 %,51336,25.4%
Palashipara,79,GEN,Nadia,Dr. Manik Bhattacharya,All India Trinamool Congress,232399,201731,86.8 %,51336,25.4%
Panchla,175,GEN,Haora,Gulsan Mullick,All India Trinamool Congress,250553,214598,85.6 %,32751,15.3%
Panchla,175,GEN,Haora,Gulsan Mullick,All India Trinamool Congress,250553,214598,85.6 %,32751,15.3%
Pandabeswar,275,GEN,Barddhaman,Narendranath Chakraborty,All India Trinamool Congress,199797,161556,80.9 %,3803,2.4%
Pandabeswar,275,GEN,Barddhaman,Narendranath Chakraborty,All India Trinamool Congress,199797,161556,80.9 %,3803,2.4%
Pandua,192,GEN,Hugli,Dr. Ratna De Nag,All India Trinamool Congress,259904,221500,85.2 %,31858,14.4%
Pandua,192,GEN,Hugli,Dr. Ratna De Nag,All India Trinamool Congress,259904,221500,85.2 %,31858,14.4%
Panihati,111,GEN,North Twenty Four Parganas,Nirmal Ghosh,All India Trinamool Congress,222229,172022,77.4 %,25177,14.6%
Panihati,111,GEN,North Twenty Four Parganas,Nirmal Ghosh,All India Trinamool Congress,222229,172022,77.4 %,25177,14.6%
Panskura Paschim,205,GEN,Purba Medinipur,Phiroja Bibi,All India Trinamool Congress,262483,232804,88.7 %,8889,3.8%
Panskura Paschim,205,GEN,Purba Medinipur,Phiroja Bibi,All India Trinamool Congress,262483,232804,88.7 %,8889,3.8%
Panskura Purba,204,GEN,Purba Medinipur,Biplab Roy Chowdhury,All India Trinamool Congress,227376,197217,86.7 %,9660,4.9%
Panskura Purba,204,GEN,Purba Medinipur,Biplab Roy Chowdhury,All India Trinamool Congress,227376,197217,86.7 %,9660,4.9%
Para,245,SC,Puruliya,Nadiar Chand Bouri,Bharatiya Janta Party,231576,190364,82.2 %,4007,2.1%
Para,245,SC,Puruliya,Nadiar Chand Bouri,Bharatiya Janta Party,231576,190364,82.2 %,4007,2.1%
Patashpur,212,GEN,Purba Medinipur,Uttam Barik,All India Trinamool Congress,227959,207966,91.2 %,9994,4.8%
Patashpur,212,GEN,Purba Medinipur,Uttam Barik,All India Trinamool Congress,227959,207966,91.2 %,9994,4.8%
Patharpratima,130,GEN,South  Twenty Four Parganas,Samir Kumar Jana,All India Trinamool Congress,252614,230572,91.3 %,22134,9.6%
Patharpratima,130,GEN,South  Twenty Four Parganas,Samir Kumar Jana,All India Trinamool Congress,252614,230572,91.3 %,22134,9.6%
Phansidewa,27,ST,Darjiling,Durga Murmu,Bharatiya Janta Party,224231,205015,91.4 %,27711,13.5%
Phansidewa,27,ST,Darjiling,Durga Murmu,Bharatiya Janta Party,224231,205015,91.4 %,27711,13.5%
Pingla,227,GEN,Paschim Medinipur,Ajit Maity,All India Trinamool Congress,245184,226596,92.4 %,6656,2.9%
Pingla,227,GEN,Paschim Medinipur,Ajit Maity,All India Trinamool Congress,245184,226596,92.4 %,6656,2.9%
Purbasthali Dakshin,268,GEN,Barddhaman,Swapan Debnath,All India Trinamool Congress,240476,213791,88.9 %,17410,8.1%
Purbasthali Dakshin,268,GEN,Barddhaman,Swapan Debnath,All India Trinamool Congress,240476,213791,88.9 %,17410,8.1%
Purbasthali Uttar,269,GEN,Barddhaman,Tapan Chatterjee,All India Trinamool Congress,242371,210993,87.1 %,6706,3.2%
Purbasthali Uttar,269,GEN,Barddhaman,Tapan Chatterjee,All India Trinamool Congress,242371,210993,87.1 %,6706,3.2%
Pursurah,199,GEN,Hugli,Biman Ghosh,Bharatiya Janta Party,251927,220286,87.4 %,28178,12.8%
Pursurah,199,GEN,Hugli,Biman Ghosh,Bharatiya Janta Party,251927,220286,87.4 %,28178,12.8%
Purulia,242,GEN,Puruliya,Sudip Kumar Mukherjee,Bharatiya Janta Party,243871,204280,83.8 %,7018,3.4%
Purulia,242,GEN,Puruliya,Sudip Kumar Mukherjee,Bharatiya Janta Party,243871,204280,83.8 %,7018,3.4%
Raghunathganj,59,GEN,Murshidabad,Akhruzzaman,All India Trinamool Congress,231520,187540,81.0 %,98313,52.4%
Raghunathganj,59,GEN,Murshidabad,Akhruzzaman,All India Trinamool Congress,231520,187540,81.0 %,98313,52.4%
Raghunathpur,246,SC,Puruliya,Vivekananda Bauri,Bharatiya Janta Party,248223,211133,85.1 %,5438,2.6%
Raghunathpur,246,SC,Puruliya,Vivekananda Bauri,Bharatiya Janta Party,248223,211133,85.1 %,5438,2.6%
Raidighi,134,GEN,South  Twenty Four Parganas,Aloke Jaldata,All India Trinamool Congress,261442,237258,90.7 %,35568,15.0%
Raidighi,134,GEN,South  Twenty Four Parganas,Aloke Jaldata,All India Trinamool Congress,261442,237258,90.7 %,35568,15.0%
Raiganj,35,GEN,Uttar Dinajpur,Krishna Kalyani,Bharatiya Janta Party,190893,158879,83.2 %,20748,13.1%
Raiganj,35,GEN,Uttar Dinajpur,Krishna Kalyani,Bharatiya Janta Party,190893,158879,83.2 %,20748,13.1%
Raina,261,SC,Barddhaman,Shampa Dhara,All India Trinamool Congress,248311,227603,91.7 %,18205,8.0%
Raina,261,SC,Barddhaman,Shampa Dhara,All India Trinamool Congress,248311,227603,91.7 %,18205,8.0%
Raipur,250,ST,Bankura,Mrityunjoy Murmu,All India Trinamool Congress,216032,191490,88.6 %,19398,10.1%
Raipur,250,ST,Bankura,Mrityunjoy Murmu,All India Trinamool Congress,216032,191490,88.6 %,19398,10.1%
Rajarhat  Gopalpur,117,GEN,North Twenty Four Parganas,Aditi Munshi,All India Trinamool Congress,239634,176465,73.6 %,25296,14.3%
Rajarhat  Gopalpur,117,GEN,North Twenty Four Parganas,Aditi Munshi,All India Trinamool Congress,239634,176465,73.6 %,25296,14.3%
Rajarhat New Town,115,GEN,North Twenty Four Parganas,Tapash Chatterjee,All India Trinamool Congress,259079,232874,89.9 %,56432,24.2%
Rajarhat New Town,115,GEN,North Twenty Four Parganas,Tapash Chatterjee,All India Trinamool Congress,259079,232874,89.9 %,56432,24.2%
Rajganj,18,SC,Jalpaiguri,Khageswar Roy,All India Trinamool Congress,233909,212580,90.9 %,15773,7.4%
Rajganj,18,SC,Jalpaiguri,Khageswar Roy,All India Trinamool Congress,233909,212580,90.9 %,15773,7.4%
Ramnagar,217,GEN,Purba Medinipur,Akhil Giri,All India Trinamool Congress,255099,220827,86.6 %,12517,5.7%
Ramnagar,217,GEN,Purba Medinipur,Akhil Giri,All India Trinamool Congress,255099,220827,86.6 %,12517,5.7%
Rampurhat,291,GEN,Birbhum,Asish Banerjee,All India Trinamool Congress,248899,213942,86.0 %,8472,4.0%
Rampurhat,291,GEN,Birbhum,Asish Banerjee,All India Trinamool Congress,248899,213942,86.0 %,8472,4.0%
Ranaghat Dakshin,90,SC,Nadia,Mukut Mani Adhikari,Bharatiya Janta Party,274684,240110,87.4 %,16515,6.9%
Ranaghat Dakshin,90,SC,Nadia,Mukut Mani Adhikari,Bharatiya Janta Party,274684,240110,87.4 %,16515,6.9%
Ranaghat Uttar Paschim,87,GEN,Nadia,Parthasarathi Chatterjee,Bharatiya Janta Party,254865,220935,86.7 %,23128,10.5%
Ranaghat Uttar Paschim,87,GEN,Nadia,Parthasarathi Chatterjee,Bharatiya Janta Party,254865,220935,86.7 %,23128,10.5%
Ranaghat Uttar Purba,89,SC,Nadia,Ashim Biswas,Bharatiya Janta Party,253915,212377,83.6 %,31782,15.0%
Ranaghat Uttar Purba,89,SC,Nadia,Ashim Biswas,Bharatiya Janta Party,253915,212377,83.6 %,31782,15.0%
Ranibandh,249,ST,Bankura,Jyotsna Mandi,All India Trinamool Congress,244860,206944,84.5 %,3939,1.9%
Ranibandh,249,ST,Bankura,Jyotsna Mandi,All India Trinamool Congress,244860,206944,84.5 %,3939,1.9%
Raniganj,278,GEN,Barddhaman,Tapas Banerjee,All India Trinamool Congress,238856,180205,75.4 %,3556,2.0%
Raniganj,278,GEN,Barddhaman,Tapas Banerjee,All India Trinamool Congress,238856,180205,75.4 %,3556,2.0%
Raninagar,63,GEN,Murshidabad,Abdul Soumik Hossain,All India Trinamool Congress,243494,219242,90.0 %,79702,36.4%
Raninagar,63,GEN,Murshidabad,Abdul Soumik Hossain,All India Trinamool Congress,243494,219242,90.0 %,79702,36.4%
Rashbehari,160,GEN,Kolkata,Debasish Kumar,All India Trinamool Congress,199116,122793,61.7 %,21414,17.4%
Rashbehari,160,GEN,Kolkata,Debasish Kumar,All India Trinamool Congress,199116,122793,61.7 %,21414,17.4%
Ratua,48,GEN,Maldah,Samar Mukherjee,All India Trinamool Congress,263854,217097,82.3 %,75650,34.8%
Ratua,48,GEN,Maldah,Samar Mukherjee,All India Trinamool Congress,263854,217097,82.3 %,75650,34.8%
Rejinagar,70,GEN,Murshidabad,Rabiul Alam Chowdhury,All India Trinamool Congress,245863,208885,85.0 %,68268,32.7%
Rejinagar,70,GEN,Murshidabad,Rabiul Alam Chowdhury,All India Trinamool Congress,245863,208885,85.0 %,68268,32.7%
Sabang,226,GEN,Paschim Medinipur,Manas Ranjan Bhunia,All India Trinamool Congress,255603,234667,91.8 %,9864,4.2%
Sabang,226,GEN,Paschim Medinipur,Manas Ranjan Bhunia,All India Trinamool Congress,255603,234667,91.8 %,9864,4.2%
Sagar,132,GEN,South  Twenty Four Parganas,Bankim Chandra Hazra,All India Trinamool Congress,261341,238042,91.1 %,29846,12.5%
Sagar,132,GEN,South  Twenty Four Parganas,Bankim Chandra Hazra,All India Trinamool Congress,261341,238042,91.1 %,29846,12.5%
Sagardighi,60,GEN,Murshidabad,Subrata Saha,All India Trinamool Congress,224178,185111,82.6 %,50206,27.1%
Sagardighi,60,GEN,Murshidabad,Subrata Saha,All India Trinamool Congress,224178,185111,82.6 %,50206,27.1%
Sainthia,289,SC,Birbhum,Nilabati Saha,All India Trinamool Congress,246471,220124,89.3 %,15243,6.9%
Sainthia,289,SC,Birbhum,Nilabati Saha,All India Trinamool Congress,246471,220124,89.3 %,15243,6.9%
Salboni,234,GEN,Paschim Medinipur,Srikanta Mahata,All India Trinamool Congress,265394,247230,93.2 %,32644,13.2%
Salboni,234,GEN,Paschim Medinipur,Srikanta Mahata,All India Trinamool Congress,265394,247230,93.2 %,32644,13.2%
Saltora,247,SC,Bankura,Bauri Chandana,Bharatiya Janta Party,224495,199050,88.7 %,4145,2.1%
Saltora,247,SC,Bankura,Bauri Chandana,Bharatiya Janta Party,224495,199050,88.7 %,4145,2.1%
Sandeshkhali,123,ST,North Twenty Four Parganas,Sukumar Mahata,All India Trinamool Congress,229365,203331,88.6 %,39685,19.5%
Sandeshkhali,123,ST,North Twenty Four Parganas,Sukumar Mahata,All India Trinamool Congress,229365,203331,88.6 %,39685,19.5%
Sankrail,174,SC,Haora,Priya Paul,All India Trinamool Congress,259990,220277,84.7 %,40427,18.4%
Sankrail,174,SC,Haora,Priya Paul,All India Trinamool Congress,259990,220277,84.7 %,40427,18.4%
Santipur,86,GEN,Nadia,Jagannath Sarkar,Bharatiya Janta Party,241941,217307,89.8 %,15878,7.3%
Santipur,86,GEN,Nadia,Jagannath Sarkar,Bharatiya Janta Party,241941,217307,89.8 %,15878,7.3%
Saptagram,193,GEN,Hugli,Tapan Dasgupta,All India Trinamool Congress,225494,189153,83.9 %,9772,5.2%
Saptagram,193,GEN,Hugli,Tapan Dasgupta,All India Trinamool Congress,225494,189153,83.9 %,9772,5.2%
Satgachhia,145,GEN,South  Twenty Four Parganas,Mohan Chandra Naskar,All India Trinamool Congress,258613,234169,90.5 %,23318,10.0%
Satgachhia,145,GEN,South  Twenty Four Parganas,Mohan Chandra Naskar,All India Trinamool Congress,258613,234169,90.5 %,23318,10.0%
Shibpur,172,GEN,Haora,Manoj Tiwary,All India Trinamool Congress,221799,180307,81.3 %,32603,18.1%
Shibpur,172,GEN,Haora,Manoj Tiwary,All India Trinamool Congress,221799,180307,81.3 %,32603,18.1%
Shyampukur,166,GEN,Kolkata,Dr. Shashi Panja,All India Trinamool Congress,172028,101907,59.2 %,22520,22.1%
Shyampukur,166,GEN,Kolkata,Dr. Shashi Panja,All India Trinamool Congress,172028,101907,59.2 %,22520,22.1%
Shyampur,179,GEN,Haora,Kalipada Mandal,All India Trinamool Congress,250340,220747,88.2 %,31511,14.3%
Shyampur,179,GEN,Haora,Kalipada Mandal,All India Trinamool Congress,250340,220747,88.2 %,31511,14.3%
Siliguri,26,GEN,Darjiling,Sankar Ghosh,Bharatiya Janta Party,215514,176576,81.9 %,35586,20.2%
Siliguri,26,GEN,Darjiling,Sankar Ghosh,Bharatiya Janta Party,215514,176576,81.9 %,35586,20.2%
Singur,188,GEN,Hugli,Becharam Manna,All India Trinamool Congress,241249,207593,86.0 %,25923,12.5%
Singur,188,GEN,Hugli,Becharam Manna,All India Trinamool Congress,241249,207593,86.0 %,25923,12.5%
Sitai,6,SC,Koch Bihar,Jagadish Chandra Barma Basunia,All India Trinamool Congress,277195,237001,85.5 %,10112,4.3%
Sitai,6,SC,Koch Bihar,Jagadish Chandra Barma Basunia,All India Trinamool Congress,277195,237001,85.5 %,10112,4.3%
Sitalkuchi,5,SC,Koch Bihar,Baren Chandra Barman,Bharatiya Janta Party,275718,243223,88.2 %,17815,7.3%
Sitalkuchi,5,SC,Koch Bihar,Baren Chandra Barman,Bharatiya Janta Party,275718,243223,88.2 %,17815,7.3%
Sonamukhi,258,SC,Bankura,Dibakar Gharami,Bharatiya Janta Party,224381,205663,91.7 %,10888,5.3%
Sonamukhi,258,SC,Bankura,Dibakar Gharami,Bharatiya Janta Party,224381,205663,91.7 %,10888,5.3%
Sonarpur Dakshin,147,GEN,South  Twenty Four Parganas,Arundhuti Maitra (LOVELY),All India Trinamool Congress,268509,230257,85.8 %,26181,11.4%
Sonarpur Dakshin,147,GEN,South  Twenty Four Parganas,Arundhuti Maitra (LOVELY),All India Trinamool Congress,268509,230257,85.8 %,26181,11.4%
Sonarpur Uttar,151,GEN,South  Twenty Four Parganas,Firdousi Begum,All India Trinamool Congress,274565,238381,86.8 %,36090,15.1%
Sonarpur Uttar,151,GEN,South  Twenty Four Parganas,Firdousi Begum,All India Trinamool Congress,274565,238381,86.8 %,36090,15.1%
Sreerampur,186,GEN,Hugli,Dr. Sudipto Roy,All India Trinamool Congress,239339,185681,77.6 %,23433,12.6%
Sreerampur,186,GEN,Hugli,Dr. Sudipto Roy,All India Trinamool Congress,239339,185681,77.6 %,23433,12.6%
Sujapur,53,GEN,Maldah,Md Abdul Ghani,All India Trinamool Congress,229432,206064,89.8 %,130163,63.2%
Sujapur,53,GEN,Maldah,Md Abdul Ghani,All India Trinamool Congress,229432,206064,89.8 %,130163,63.2%
Suri,285,GEN,Birbhum,Bikash Roychoudhury,All India Trinamool Congress,252698,216755,85.8 %,7320,3.4%
Suri,285,GEN,Birbhum,Bikash Roychoudhury,All India Trinamool Congress,252698,216755,85.8 %,7320,3.4%
Suti,57,GEN,Murshidabad,Emani Biswas,All India Trinamool Congress,244288,213604,87.4 %,70701,33.1%
Suti,57,GEN,Murshidabad,Emani Biswas,All India Trinamool Congress,244288,213604,87.4 %,70701,33.1%
Swarupnagar,98,SC,North Twenty Four Parganas,Bina Mondal,All India Trinamool Congress,238752,210548,88.2 %,34800,16.5%
Swarupnagar,98,SC,North Twenty Four Parganas,Bina Mondal,All India Trinamool Congress,238752,210548,88.2 %,34800,16.5%
Taldangra,251,GEN,Bankura,Arup Chakraborty,All India Trinamool Congress,225032,199668,88.7 %,12377,6.2%
Taldangra,251,GEN,Bankura,Arup Chakraborty,All India Trinamool Congress,225032,199668,88.7 %,12377,6.2%
Tamluk,203,GEN,Purba Medinipur,Saumen Kumar Mahapatra,All India Trinamool Congress,255627,234895,91.9 %,793,0.3%
Tamluk,203,GEN,Purba Medinipur,Saumen Kumar Mahapatra,All India Trinamool Congress,255627,234895,91.9 %,793,0.3%
Tapan,40,ST,Dakshin Dinajpur,Budhrai Tudu,Bharatiya Janta Party,208354,184606,88.6 %,1650,0.9%
Tapan,40,ST,Dakshin Dinajpur,Budhrai Tudu,Bharatiya Janta Party,208354,184606,88.6 %,1650,0.9%
Tarakeswar,198,GEN,Hugli,Ramendu Sinharay,All India Trinamool Congress,232452,203165,87.4 %,7484,3.7%
Tarakeswar,198,GEN,Hugli,Ramendu Sinharay,All India Trinamool Congress,232452,203165,87.4 %,7484,3.7%
Tehatta,78,GEN,Nadia,Tapas Kumar Saha,All India Trinamool Congress,244793,216373,88.4 %,6915,3.2%
Tehatta,78,GEN,Nadia,Tapas Kumar Saha,All India Trinamool Congress,244793,216373,88.4 %,6915,3.2%
Tollyganj,152,GEN,South  Twenty Four Parganas,Aroop Biswas,All India Trinamool Congress,257958,195055,75.6 %,50080,25.7%
Tollyganj,152,GEN,South  Twenty Four Parganas,Aroop Biswas,All India Trinamool Congress,257958,195055,75.6 %,50080,25.7%
Tufanganj,9,GEN,Koch Bihar,Malati Rava Roy,Bharatiya Janta Party,225957,207309,91.7 %,31198,15.0%
Tufanganj,9,GEN,Koch Bihar,Malati Rava Roy,Bharatiya Janta Party,225957,207309,91.7 %,31198,15.0%
Udaynarayanpur,182,GEN,Haora,Samir Kumar Panja,All India Trinamool Congress,227490,196991,86.6 %,13998,7.1%
Udaynarayanpur,182,GEN,Haora,Samir Kumar Panja,All India Trinamool Congress,227490,196991,86.6 %,13998,7.1%
Uluberia Dakshin,178,GEN,Haora,Pulak Roy,All India Trinamool Congress,226454,200792,88.7 %,28438,14.2%
Uluberia Dakshin,178,GEN,Haora,Pulak Roy,All India Trinamool Congress,226454,200792,88.7 %,28438,14.2%
Uluberia Purba,176,GEN,Haora,Bidesh Ranjan Bose,All India Trinamool Congress,220529,190910,86.6 %,17126,9.0%
Uluberia Purba,176,GEN,Haora,Bidesh Ranjan Bose,All India Trinamool Congress,220529,190910,86.6 %,17126,9.0%
Uluberia Uttar,177,SC,Haora,Dr. Nirmal Maji,All India Trinamool Congress,215010,184532,85.8 %,21003,11.4%
Uluberia Uttar,177,SC,Haora,Dr. Nirmal Maji,All India Trinamool Congress,215010,184532,85.8 %,21003,11.4%
Uttarpara,185,GEN,Hugli,Kanchan Mullick,All India Trinamool Congress,249369,196541,78.8 %,35989,18.3%
Uttarpara,185,GEN,Hugli,Kanchan Mullick,All India Trinamool Congress,249369,196541,78.8 %,35989,18.3%